{"cameraMode":{"drawMode":0,"name":"Shaded","section":"Shading Mode"},"sceneLighting":true,"audioPlay":false,"sceneViewState":{"showFog":true,"showMaterialUpdate":false,"showSkybox":true,"showFlares":true,"showImageEffects":true,"showParticleSystems":true},"in2DMode":false,"pivot":{"x":-153.9182586669922,"y":0.9376367330551148,"z":-3.976374626159668},"rotation":{"x":0.1969560831785202,"y":0.14208562672138215,"z":-0.028861068189144136,"w":0.9696322679519653},"size":1.4955246448516846,"orthographic":true}